Train AUC,Test AUC
0.8182950803060242,0.7934992459925901
